{
    "curves": [
        {
            "cvs": [
                [
                    0.39113069740926537,
                    -0.39113069740926537,
                    -9.982757993504837e-06
                ],
                [
                    0.0,
                    -0.5531421247306045,
                    -1.497413699025725e-05
                ],
                [
                    -0.39113069740926537,
                    -0.39113069740926537,
                    -9.982757993504837e-06
                ],
                [
                    -0.5531421247306045,
                    0.0,
                    0.0
                ],
                [
                    -0.39113069740926537,
                    0.39113069740926537,
                    9.982757993504837e-06
                ],
                [
                    0.0,
                    0.5531421247306045,
                    1.497413699025725e-05
                ],
                [
                    0.39113069740926537,
                    0.39113069740926537,
                    9.982757993504837e-06
                ],
                [
                    0.5531421247306045,
                    0.0,
                    0.0
                ],
                [
                    0.39113069740926537,
                    -0.39113069740926537,
                    -9.982757993504837e-06
                ],
                [
                    0.0,
                    -0.5531421247306045,
                    -1.497413699025725e-05
                ],
                [
                    -0.39113069740926537,
                    -0.39113069740926537,
                    -9.982757993504837e-06
                ]
            ],
            "degree": 3,
            "form": 0,
            "knots": [
                -2.0,
                -1.0,
                0.0,
                1.0,
                2.0,
                3.0,
                4.0,
                5.0,
                6.0,
                7.0,
                8.0,
                9.0,
                10.0
            ]
        },
        {
            "cvs": [
                [
                    0.0,
                    -0.39114068016725895,
                    0.3911207146512718
                ],
                [
                    0.0,
                    -0.5531421247306045,
                    -1.497413699025725e-05
                ],
                [
                    0.0,
                    -0.3911207146512718,
                    -0.39114068016725895
                ],
                [
                    0.0,
                    1.497413699025725e-05,
                    -0.5531421247306045
                ],
                [
                    0.0,
                    0.39114068016725895,
                    -0.3911207146512718
                ],
                [
                    0.0,
                    0.5531421247306045,
                    1.497413699025725e-05
                ],
                [
                    0.0,
                    0.3911207146512718,
                    0.39114068016725895
                ],
                [
                    0.0,
                    -1.497413699025725e-05,
                    0.5531421247306045
                ],
                [
                    0.0,
                    -0.39114068016725895,
                    0.3911207146512718
                ],
                [
                    0.0,
                    -0.5531421247306045,
                    -1.497413699025725e-05
                ],
                [
                    0.0,
                    -0.3911207146512718,
                    -0.39114068016725895
                ]
            ],
            "degree": 3,
            "form": 0,
            "knots": [
                -2.0,
                -1.0,
                0.0,
                1.0,
                2.0,
                3.0,
                4.0,
                5.0,
                6.0,
                7.0,
                8.0,
                9.0,
                10.0
            ]
        },
        {
            "cvs": [
                [
                    0.39113069740926537,
                    -9.982757993504837e-06,
                    0.39113069740926537
                ],
                [
                    0.5531421247306045,
                    0.0,
                    0.0
                ],
                [
                    0.39113069740926537,
                    9.982757993504837e-06,
                    -0.39113069740926537
                ],
                [
                    0.0,
                    1.497413699025725e-05,
                    -0.5531421247306045
                ],
                [
                    -0.39113069740926537,
                    9.982757993504837e-06,
                    -0.39113069740926537
                ],
                [
                    -0.5531421247306045,
                    0.0,
                    0.0
                ],
                [
                    -0.39113069740926537,
                    -9.982757993504837e-06,
                    0.39113069740926537
                ],
                [
                    0.0,
                    -1.497413699025725e-05,
                    0.5531421247306045
                ],
                [
                    0.39113069740926537,
                    -9.982757993504837e-06,
                    0.39113069740926537
                ],
                [
                    0.5531421247306045,
                    0.0,
                    0.0
                ],
                [
                    0.39113069740926537,
                    9.982757993504837e-06,
                    -0.39113069740926537
                ]
            ],
            "degree": 3,
            "form": 0,
            "knots": [
                -2.0,
                -1.0,
                0.0,
                1.0,
                2.0,
                3.0,
                4.0,
                5.0,
                6.0,
                7.0,
                8.0,
                9.0,
                10.0
            ]
        }
    ],
    "node": "transform10"
}