{
    "curves": [
        {
            "cvs": [
                [
                    0.30217222414351474,
                    3.2406960752512867e-06,
                    -1.3724881738825864e-22
                ],
                [
                    0.3598744381111833,
                    5.3968430978141526e-17,
                    0.0
                ],
                [
                    0.30217222414351474,
                    -3.240696075269277e-06,
                    1.3724881738825864e-22
                ],
                [
                    4.1174645216477595e-22,
                    -4.05087009404881e-06,
                    -4.1174645216477595e-22
                ],
                [
                    -0.30217222414351474,
                    -3.2406960752512867e-06,
                    1.3724881738825864e-22
                ],
                [
                    -0.36036783408863843,
                    -1.0793686195628305e-16,
                    0.0
                ],
                [
                    -0.30217222414351474,
                    3.240696075269277e-06,
                    -1.3724881738825864e-22
                ],
                [
                    -4.1174645216477595e-22,
                    4.05087009404881e-06,
                    4.1174645216477595e-22
                ],
                [
                    0.30217222414351474,
                    3.2406960752512867e-06,
                    -1.3724881738825864e-22
                ],
                [
                    0.3598744381111833,
                    5.3968430978141526e-17,
                    0.0
                ],
                [
                    0.30217222414351474,
                    -3.240696075269277e-06,
                    1.3724881738825864e-22
                ]
            ],
            "degree": 3,
            "form": 0,
            "knots": [
                -2.0,
                -1.0,
                0.0,
                1.0,
                2.0,
                3.0,
                4.0,
                5.0,
                6.0,
                7.0,
                8.0,
                9.0,
                10.0
            ]
        },
        {
            "cvs": [
                [
                    0.30217222414351474,
                    8.101740188114713e-06,
                    0.30217222414351474
                ],
                [
                    0.427335198135416,
                    5.3968430978141526e-17,
                    0.0
                ],
                [
                    0.03832366161175817,
                    -8.101740188051753e-06,
                    -0.30217222414351474
                ],
                [
                    5.489952695530345e-22,
                    -1.5393306357270434e-05,
                    -0.5986918641577933
                ],
                [
                    -0.03832366161175817,
                    -8.101740188087749e-06,
                    -0.30217222414351474
                ],
                [
                    -0.427335198135416,
                    -5.3968430978141526e-17,
                    0.0
                ],
                [
                    -0.30217222414351474,
                    8.101740188051753e-06,
                    0.30217222414351474
                ],
                [
                    -5.489952695530345e-22,
                    1.134243626339296e-05,
                    0.427335198135416
                ],
                [
                    0.30217222414351474,
                    8.101740188114713e-06,
                    0.30217222414351474
                ],
                [
                    0.427335198135416,
                    5.3968430978141526e-17,
                    0.0
                ],
                [
                    0.03832366161175817,
                    -8.101740188051753e-06,
                    -0.30217222414351474
                ]
            ],
            "degree": 3,
            "form": 0,
            "knots": [
                -2.0,
                -1.0,
                0.0,
                1.0,
                2.0,
                3.0,
                4.0,
                5.0,
                6.0,
                7.0,
                8.0,
                9.0,
                10.0
            ]
        },
        {
            "cvs": [
                [
                    -5.489952695530345e-22,
                    1.1342436263285032e-05,
                    0.3021722241435145
                ],
                [
                    -4.1174645216477595e-22,
                    4.05087009404881e-06,
                    4.1174645216477595e-22
                ],
                [
                    -1.3724881738825864e-22,
                    -4.861044112863429e-06,
                    -0.30217222414351474
                ],
                [
                    5.489952695530345e-22,
                    -1.5393306357270434e-05,
                    -0.5986918641577933
                ],
                [
                    5.489952695530345e-22,
                    -1.1342436263285032e-05,
                    -0.3021722241435145
                ],
                [
                    4.1174645216477595e-22,
                    -4.05087009404881e-06,
                    -4.1174645216477595e-22
                ],
                [
                    1.3724881738825864e-22,
                    4.861044112863429e-06,
                    0.30217222414351474
                ],
                [
                    -5.489952695530345e-22,
                    1.134243626339296e-05,
                    0.427335198135416
                ],
                [
                    -5.489952695530345e-22,
                    1.1342436263285032e-05,
                    0.3021722241435145
                ],
                [
                    -4.1174645216477595e-22,
                    4.05087009404881e-06,
                    4.1174645216477595e-22
                ],
                [
                    -1.3724881738825864e-22,
                    -4.861044112863429e-06,
                    -0.30217222414351474
                ]
            ],
            "degree": 3,
            "form": 0,
            "knots": [
                -2.0,
                -1.0,
                0.0,
                1.0,
                2.0,
                3.0,
                4.0,
                5.0,
                6.0,
                7.0,
                8.0,
                9.0,
                10.0
            ]
        }
    ],
    "node": "transform12"
}