{
    "curves": [
        {
            "cvs": [
                [
                    0.0,
                    0.0,
                    0.4969135304021477
                ],
                [
                    0.23663025257245138,
                    0.0,
                    0.26028327782969657
                ],
                [
                    0.14197815154347085,
                    0.0,
                    0.26028327782969657
                ],
                [
                    0.0,
                    0.0,
                    -0.49693353040214805
                ],
                [
                    -0.14197815154347085,
                    0.0,
                    0.26028327782969657
                ],
                [
                    -0.23663025257245138,
                    0.0,
                    0.26028327782969657
                ],
                [
                    0.0,
                    0.0,
                    0.4969135304021477
                ]
            ],
            "degree": 1,
            "form": 0,
            "knots": [
                0.0,
                1.0,
                2.0,
                3.0,
                4.0,
                5.0,
                6.0
            ]
        }
    ],
    "node": "CTL_GlobalRoot_01_MD"
}