{
    "JNT_Hand_01_LF": {
        "attributes": {
            "jointOrientX": 1.7694127483975255,
            "jointOrientY": -0.8564951593618375,
            "jointOrientZ": 3.8472956410552706,
            "rotateX": -90.0,
            "rotateY": 0.0,
            "rotateZ": 0.0,
            "scaleX": 1.0,
            "scaleY": 1.0,
            "scaleZ": 1.0,
            "translateX": 0.0,
            "translateY": 4.867217739956686e-13,
            "translateZ": 2.8990143619012088e-12
        },
        "name": "JNT_Hand_01_LF",
        "parent": null,
        "radius": 1.0,
        "root_transform_data": {},
        "type": "joint"
    },
    "JNT_IndexFingerBase_01_LF": {
        "attributes": {
            "jointOrientX": 0.0,
            "jointOrientY": 0.0,
            "jointOrientZ": 0.0,
            "rotateX": 0.0,
            "rotateY": 0.0,
            "rotateZ": 0.0,
            "scaleX": 1.0000000000000002,
            "scaleY": 0.9999999999999997,
            "scaleZ": 0.9999999999999998,
            "translateX": 0.9340218901634216,
            "translateY": -0.49999999999978684,
            "translateZ": 0.06148637458562689
        },
        "name": "JNT_IndexFingerBase_01_LF",
        "parent": "JNT_Hand_01_LF",
        "radius": 1.0,
        "root_transform_data": {},
        "type": "joint"
    },
    "JNT_IndexFinger_01_LF": {
        "attributes": {
            "jointOrientX": -14.967298466176196,
            "jointOrientY": -3.67221121597361,
            "jointOrientZ": 12.853713737681067,
            "rotateX": 9.486657009803348,
            "rotateY": 19.28187730986244,
            "rotateZ": -17.404518161753426,
            "scaleX": 1.0,
            "scaleY": 1.0000000000000004,
            "scaleZ": 1.0000000000000016,
            "translateX": 8.368755076279825,
            "translateY": -1.8382898118332456,
            "translateZ": 0.07503410083998574
        },
        "name": "JNT_IndexFinger_01_LF",
        "parent": "JNT_IndexFingerBase_01_LF",
        "radius": 1.0,
        "root_transform_data": {},
        "type": "joint"
    },
    "JNT_IndexFinger_02_LF": {
        "attributes": {
            "jointOrientX": 0.0,
            "jointOrientY": 0.0,
            "jointOrientZ": 0.0,
            "rotateX": 0.0,
            "rotateY": 18.204397795390282,
            "rotateZ": 0.0,
            "scaleX": 1.0000000000000016,
            "scaleY": 1.0000000000000004,
            "scaleZ": 1.0000000000000022,
            "translateX": 2.9700217247010343,
            "translateY": -7.105427357601002e-15,
            "translateZ": -2.2737367544323206e-13
        },
        "name": "JNT_IndexFinger_02_LF",
        "parent": "JNT_IndexFinger_01_LF",
        "radius": 1.0,
        "root_transform_data": {},
        "type": "joint"
    },
    "JNT_IndexFinger_03_LF": {
        "attributes": {
            "jointOrientX": 0.0,
            "jointOrientY": 0.0,
            "jointOrientZ": 0.0,
            "rotateX": 0.0,
            "rotateY": 9.723082825973119,
            "rotateZ": 0.0,
            "scaleX": 1.000000000000002,
            "scaleY": 0.9999999999999997,
            "scaleZ": 1.000000000000001,
            "translateX": 2.573226213455215,
            "translateY": 1.3500311979441904e-13,
            "translateZ": 6.536993168992922e-13
        },
        "name": "JNT_IndexFinger_03_LF",
        "parent": "JNT_IndexFinger_02_LF",
        "radius": 1.0,
        "root_transform_data": {},
        "type": "joint"
    },
    "JNT_IndexFinger_04_LF": {
        "attributes": {
            "jointOrientX": 0.0,
            "jointOrientY": 0.0,
            "jointOrientZ": 0.0,
            "rotateX": 0.0,
            "rotateY": 9.723082825972797,
            "rotateZ": 0.0,
            "scaleX": 1.0000000000000033,
            "scaleY": 1.0000000000000016,
            "scaleZ": 1.0000000000000022,
            "translateX": 2.0703706741328816,
            "translateY": 1.6697754290362354e-13,
            "translateZ": 3.126388037344441e-13
        },
        "name": "JNT_IndexFinger_04_LF",
        "parent": "JNT_IndexFinger_03_LF",
        "radius": 1.0,
        "root_transform_data": {},
        "type": "joint"
    },
    "JNT_MiddleFingerBase_01_LF": {
        "attributes": {
            "jointOrientX": 0.0,
            "jointOrientY": 0.0,
            "jointOrientZ": 0.0,
            "rotateX": 0.0,
            "rotateY": 0.0,
            "rotateZ": 0.0,
            "scaleX": 1.0000000000000002,
            "scaleY": 0.9999999999999997,
            "scaleZ": 0.9999999999999998,
            "translateX": 0.9340218901642032,
            "translateY": 2.5224267119483557e-13,
            "translateZ": 0.061486374586678494
        },
        "name": "JNT_MiddleFingerBase_01_LF",
        "parent": "JNT_Hand_01_LF",
        "radius": 1.0,
        "root_transform_data": {},
        "type": "joint"
    },
    "JNT_MiddleFinger_01_LF": {
        "attributes": {
            "jointOrientX": -14.967298466176196,
            "jointOrientY": -3.67221121597361,
            "jointOrientZ": 12.853713737681067,
            "rotateX": -2.7731902245628524,
            "rotateY": 18.776988952023746,
            "rotateZ": -5.716826724930971,
            "scaleX": 0.9999999999999996,
            "scaleY": 1.0000000000000007,
            "scaleZ": 0.9999999999999996,
            "translateX": 8.47201349126398,
            "translateY": -0.09018098839676725,
            "translateZ": -0.48922016077051467
        },
        "name": "JNT_MiddleFinger_01_LF",
        "parent": "JNT_MiddleFingerBase_01_LF",
        "radius": 1.0,
        "root_transform_data": {},
        "type": "joint"
    },
    "JNT_MiddleFinger_02_LF": {
        "attributes": {
            "jointOrientX": 0.0,
            "jointOrientY": 0.0,
            "jointOrientZ": 0.0,
            "rotateX": 0.0,
            "rotateY": 15.377497261240354,
            "rotateZ": 0.0,
            "scaleX": 1.0000000000000004,
            "scaleY": 0.9999999999999996,
            "scaleZ": 1.0000000000000016,
            "translateX": 3.2871615886687238,
            "translateY": 6.394884621840902e-14,
            "translateZ": 0.08226303010988545
        },
        "name": "JNT_MiddleFinger_02_LF",
        "parent": "JNT_MiddleFinger_01_LF",
        "radius": 1.0,
        "root_transform_data": {},
        "type": "joint"
    },
    "JNT_MiddleFinger_03_LF": {
        "attributes": {
            "jointOrientX": 0.0,
            "jointOrientY": 0.0,
            "jointOrientZ": 0.0,
            "rotateX": 0.0,
            "rotateY": 9.723082825971884,
            "rotateZ": 0.0,
            "scaleX": 1.0000000000000022,
            "scaleY": 1.0000000000000016,
            "scaleZ": 1.0000000000000033,
            "translateX": 2.5000374317166543,
            "translateY": 9.237055564881302e-14,
            "translateZ": -5.684341886080801e-13
        },
        "name": "JNT_MiddleFinger_03_LF",
        "parent": "JNT_MiddleFinger_02_LF",
        "radius": 1.0,
        "root_transform_data": {},
        "type": "joint"
    },
    "JNT_MiddleFinger_04_LF": {
        "attributes": {
            "jointOrientX": 0.0,
            "jointOrientY": 0.0,
            "jointOrientZ": 0.0,
            "rotateX": 0.0,
            "rotateY": 9.723082825972536,
            "rotateZ": 0.0,
            "scaleX": 1.0000000000000029,
            "scaleY": 1.0000000000000009,
            "scaleZ": 1.000000000000002,
            "translateX": 2.222526788711466,
            "translateY": 1.0658141036401503e-14,
            "translateZ": -5.968558980384842e-13
        },
        "name": "JNT_MiddleFinger_04_LF",
        "parent": "JNT_MiddleFinger_03_LF",
        "radius": 1.0,
        "root_transform_data": {},
        "type": "joint"
    },
    "JNT_PinkyFingerBase_01_LF": {
        "attributes": {
            "jointOrientX": 0.0,
            "jointOrientY": 0.0,
            "jointOrientZ": 0.0,