{
    "JNT_Head_01_MD": {
        "attributes": {
            "jointOrientX": 1.1768052321415009e-13,
            "jointOrientY": 0.0,
            "jointOrientZ": 0.0,
            "rotateX": 0.0,
            "rotateY": 0.0,
            "rotateZ": 9.541664044390549e-15,
            "scaleX": 1.0,
            "scaleY": 1.0,
            "scaleZ": 1.0,
            "translateX": 10.667783737182617,
            "translateY": -4.110250473022452,
            "translateZ": -6.825910826050973e-16
        },
        "name": "JNT_Head_01_MD",
        "parent": "JNT_Neck_01_MD",
        "radius": 1.0
    },
    "JNT_Neck_01_MD": {
        "attributes": {
            "jointOrientX": 2.995086664485732e-14,
            "jointOrientY": -2.540986922463691e-14,
            "jointOrientZ": -2.9869567711769096,
            "rotateX": 0.0,
            "rotateY": 0.0,
            "rotateZ": 1.590277340731758e-15,
            "scaleX": 1.0,
            "scaleY": 1.0,
            "scaleZ": 1.0,
            "translateX": 21.022300720214844,
            "translateY": 3.8722047805785564,
            "translateZ": -4.543559265865404e-14
        },
        "name": "JNT_Neck_01_MD",
        "parent": null,
        "radius": 1.0
    }
}