{
    "hand": {
        "attributes": {
            "jointOrientX": 1.7694127483975248,
            "jointOrientY": -0.8564951593618376,
            "jointOrientZ": 3.847295641055272,
            "rotateX": 12.127832325737128,
            "rotateY": 10.355694287032012,
            "rotateZ": -3.3437848319721293,
            "scaleX": 1.0,
            "scaleY": 1.0,
            "scaleZ": 1.0,
            "translateX": 23.97787284851153,
            "translateY": 4.884981308350689e-13,
            "translateZ": 2.8848035071860068e-12
        },
        "name": "hand",
        "parent": "lowerarm",
        "radius": 1.0,
        "root_transform_data": {},
        "type": "joint"
    },
    "lowerarm": {
        "attributes": {
            "jointOrientX": 0.0,
            "jointOrientY": 0.0,
            "jointOrientZ": 0.0,
            "rotateX": -4.055279720744434e-15,
            "rotateY": -1.3633534685550508e-14,
            "rotateZ": -20.000000000000004,
            "scaleX": 1.0,
            "scaleY": 1.0,
            "scaleZ": 1.0,
            "translateX": 22.681573867797567,
            "translateY": -2.4868995751603507e-14,
            "translateZ": -2.9558577807620168e-12
        },
        "name": "lowerarm",
        "parent": "upperarm",
        "radius": 1.0,
        "root_transform_data": {},
        "type": "joint"
    },
    "shoulder": {
        "attributes": {
            "jointOrientX": 2.862499213317165e-14,
            "jointOrientY": 2.5444437451708134e-14,
            "jointOrientZ": 90.0,
            "rotateX": -90.0,
            "rotateY": 0.0,
            "rotateZ": -90.0,
            "scaleX": 1.0,
            "scaleY": 1.0,
            "scaleZ": 1.0,
            "translateX": 4.2283134472431865,
            "translateY": 14.923700332641573,
            "translateZ": -2.7885175904966304
        },
        "name": "shoulder",
        "parent": null,
        "radius": 1.0,
        "root_transform_data": {},
        "type": "joint"
    },
    "upperarm": {
        "attributes": {
            "jointOrientX": 0.0,
            "jointOrientY": 0.0,
            "jointOrientZ": 0.0,
            "rotateX": 7.633916981441836,
            "rotateY": 51.50000000000002,
            "rotateZ": 1.2773011646130149e-15,
            "scaleX": 1.0,
            "scaleY": 1.0,
            "scaleZ": 1.0,
            "translateX": 8.963045120239443,
            "translateY": 0.7643991112708872,
            "translateZ": -1.3551493883086891
        },
        "name": "upperarm",
        "parent": "shoulder",
        "radius": 1.0,
        "root_transform_data": {},
        "type": "joint"
    }
}