{
  "Marker : Tip Roll": {
    "node": null,
    "matrix": [
      1.6875389974302405e-14,
      -1.0000000000000016,
      0,
      0,
      -0.9999999999999998,
      -5.799797358230175e-7,
      3.2310891488651727e-15,
      0,
      -0.000007699790929509355,
      -0.000004050106194082862,
      -0.9999999999999989,
      0,
      15.923704629321065,
      1.038765080664596e-13,
      10.358663285232932,
      1
    ]
  },
  "Marker : Heel Roll": {
    "node": null,
    "matrix": [
      1.68753899743024e-14,
      -1.0000000000000013,
      0,
      0,
      0.9999999999999996,
      5.799797358230174e-7,
      0,
      0,
      0.000007699790926278266,
      0.000004050106194082862,
      0.9999999999999989,
      0,
      15.923704629320945,
      -1.87822923678576e-14,
      -7.640707908493841,
      1
    ]
  },
  "Marker : Inner Roll": {
    "node": null,
    "matrix": [
      1.6653345369377354e-14,
      -1.0000000000000004,
      0,
      0,
      -2.3529510997915047e-12,
      -0.000004050106193962671,
      -0.9999999999999984,
      0,
      0.9999999999999994,
      5.799797356181654e-7,
      0.00000769978857315843,
      0,
      12.034377989639726,
      3.171960616813738e-16,
      3.649898632868812,
      1
    ]
  },
  "Marker : Outer Roll": {
    "node": null,
    "matrix": [
      0.000007699790939825735,
      -0.9999999998563203,
      0.0000071416516156724706,
      0,
      3.636271272678563e-15,
      0.000011191757810861018,
      0.9999999999703542,
      0,
      -1.0000000000296425,
      -0.000008279825648476315,
      -0.000007699700606637458,
      0,
      19.81905872289967,
      1.7160536247871776e-13,
      3.6498986328687675,
      1
    ]
  },
  "Marker : Ball Twist": {
    "node": null,
    "matrix": [
      0.9999999999999994,
      0,
      0,
      0,
      5.799797189426905e-7,
      1.0000000000000013,
      0,
      0,
      0.000007699793275257417,
      0.000004050101728348392,
      0.9999999999999989,
      0,
      15.92370462932104,
      7.549515128565887e-14,
      4.057209118708634,
      1
    ]
  },
  "Marker : Foot Control": {
    "node": null,
    "matrix": [
      0.9999999999999994,
      0,
      0,
      0,
      5.799797189426905e-7,
      1.0000000000000013,
      0,
      0,
      0.000007699793275257417,
      0.000004050101728348392,
      0.9999999999999989,
      0,
      15.92370462932104,
      7.549515128565887e-14,
      4.057209118708634,
      1
    ]
  }
}