{
    "foot": {
        "attributes": {
            "jointOrientX": 3.7172732839604845e-14,
            "jointOrientY": -2.3854160110976368e-15,
            "jointOrientZ": 1.590277340731758e-15,
            "rotateX": 0.46632058134953114,
            "rotateY": 3.9770306897382843,
            "rotateZ": -7.241724701004982,
            "scaleX": 0.9999999999999999,
            "scaleY": 1.0,
            "scaleZ": 1.0,
            "translateX": 48.192001342773175,
            "translateY": 7.993605777301127e-15,
            "translateZ": 8.597567102697212e-13
        },
        "name": "foot",
        "parent": "lowerleg",
        "radius": 1.0,
        "root_transform_data": {
            "relative_translation": [
                3.266217502269207,
                -47.69245799233787,
                -6.101661027852117
            ],
            "ws_orientation": [
                -90.00000000000001,
                -4.7708320221952774e-14,
                -89.99999999999999
            ]
        },
        "type": "joint"
    },
    "lowerleg": {
        "attributes": {
            "jointOrientX": 0.0,
            "jointOrientY": 0.0,
            "jointOrientZ": 0.0,
            "rotateX": 1.0468032603113425e-14,
            "rotateY": -2.340845186542292e-14,
            "rotateZ": 11.302302102565443,
            "scaleX": 1.0,
            "scaleY": 1.0,
            "scaleZ": 1.0,
            "translateX": 42.24000167846744,
            "translateY": 3.4638958368304884e-14,
            "translateZ": -8.775202786637237e-13
        },
        "name": "lowerleg",
        "parent": "upperleg",
        "radius": 1.0,
        "root_transform_data": {
            "relative_translation": [
                2.9465135680340815,
                -42.03250698758088,
                2.96717979389317
            ],
            "ws_orientation": [
                -90.46897181489653,
                7.273826745277328,
                -86.08221653337633
            ]
        },
        "type": "joint"
    },
    "toe": {
        "attributes": {
            "jointOrientX": 0.0,
            "jointOrientY": 0.0,
            "jointOrientZ": 0.0,
            "rotateX": 0.0,
            "rotateY": 0.0,
            "rotateZ": 0.0,
            "scaleX": 0.9999999999999999,
            "scaleY": 1.0000000000000004,
            "scaleZ": 1.0,
            "translateX": 5.75260170583511,
            "translateY": -6.4825499782581115,
            "translateZ": 2.91085866521712e-07
        },
        "name": "toe",
        "parent": "foot",
        "radius": 1.0,
        "root_transform_data": {
            "relative_translation": [
                2.910858682980688e-07,
                -5.752601705835103,
                6.482549978258117
            ],
            "ws_orientation": [
                -90.0,
                0.0,
                -89.99999999999999
            ]
        },
        "type": "joint"
    },
    "upperleg": {
        "attributes": {
            "jointOrientX": 90.0,
            "jointOrientY": 90.0,
            "jointOrientZ": 0.0,
            "rotateX": 269.5336503329595,
            "rotateY": -4.02810130910079,
            "rotateZ": -85.99007821588805,
            "scaleX": 1.0,
            "scaleY": 1.0,
            "scaleZ": 1.0,
            "translateX": -6.7796525955200195,
            "translateY": 0.4859456717968082,
            "translateZ": -9.71043872833252
        },
        "name": "upperleg",
        "parent": null,
        "radius": 1.0,
        "root_transform_data": {
            "relative_translation": [
                9.71043872833252,
                -6.7796525955200195,
                -0.4859456717968082
            ],
            "ws_orientation": [
                269.5336503329595,
                -4.028101309100788,
                -85.99007821588805
            ]
        },
        "type": "joint"
    }
}